Month,Version,Operating System,Downloads
2021-02,4,,280784
2021-03,4,,302723
2021-04,4,,306078
2021-05,4,,269655
2021-06,4,,255227
2021-07,4,,300151
2021-08,4,,216021
2021-09,4,,265209
2021-10,4,,265535
2021-11,4,,160811
2021-12,4,,277007
2022-01,4,,204059
2022-02,4,,208980
2022-03,4,,170929
2022-04,4,,213562
2022-05,4,,211229
2022-06,4,,203070
2022-07,4,,194879
2022-08,4,,240194
2022-09,4,,283614
2022-10,4,,209337
2022-11,4,,216995
2022-12,4,,179167
2023-01,4,,201166
2023-02,4,,173700
2023-03,4,,141657
2023-04,4,,166529
2023-05,4,,130071
2023-06,4,,109612
2023-07,4,,134873
2023-08,4,,99670
2023-09,4,,147694
2023-10,4,,106695
2023-11,4,,89624
2023-12,4,,92675
2024-01,4,,140293
2024-02,4,,118271
2024-03,4,,103312
2024-04,4,,87007
2024-05,4,,98130
2024-06,4,,109031
2024-07,4,,106126
2024-08,4,,140109
2024-09,4,,86702
2024-10,4,,88900
2024-11,4,,1392757
2024-12,4,,2304166
2025-01,4,,377106
2025-02,4,,269079
2025-03,4,,339789
2025-04,4,,336672
2025-05,4,,171643
2025-06,4,,190851
2025-07,4,,166307
2025-08,4,,174605
2021-02,5,,58093
2021-03,5,,52338
2021-04,5,,63872
2021-05,5,,53639
2021-06,5,,41424
2021-07,5,,39617
2021-08,5,,37022
2021-09,5,,44122
2021-10,5,,39831
2021-11,5,,31553
2021-12,5,,41069
2022-01,5,,42244
2022-02,5,,33851
2022-03,5,,39151
2022-04,5,,36638
2022-05,5,,43718
2022-06,5,,36737
2022-07,5,,44862
2022-08,5,,45474
2022-09,5,,41957
2022-10,5,,46040
2022-11,5,,40367
2022-12,5,,30994
2023-01,5,,35907
2023-02,5,,31829
2023-03,5,,26727
2023-04,5,,22031
2023-05,5,,24587
2023-06,5,,20128
2023-07,5,,32065
2023-08,5,,24874
2023-09,5,,37999
2023-10,5,,34536
2023-11,5,,23795
2023-12,5,,17674
2024-01,5,,24646
2024-02,5,,33309
2024-03,5,,24796
2024-04,5,,18337
2024-05,5,,20236
2024-06,5,,20742
2024-07,5,,22858
2024-08,5,,21244
2024-09,5,,21764
2024-10,5,,25558
2024-11,5,,575783
2024-12,5,,952919
2025-01,5,,112015
2025-02,5,,93705
2025-03,5,,119366
2025-04,5,,113216
2025-05,5,,47116
2025-06,5,,49906
2025-07,5,,52421
2025-08,5,,50905
2021-02,6,,881058
2021-03,6,,1040980
2021-04,6,,889089
2021-05,6,,1008398
2021-06,6,,1002859
2021-07,6,,970333
2021-08,6,,961084
2021-09,6,,936739
2021-10,6,,898020
2021-11,6,,897709
2021-12,6,,936302
2022-01,6,,926934
2022-02,6,,888616
2022-03,6,,910753
2022-04,6,,787926
2022-05,6,,865239
2022-06,6,,768928
2022-07,6,,693639
2022-08,6,,654386
2022-09,6,,708997
2022-10,6,,754433
2022-11,6,,669662
2022-12,6,,540348
2023-01,6,,501832
2023-02,6,,432786
2023-03,6,,452321
2023-04,6,,399163
2023-05,6,,387918
2023-06,6,,336040
2023-07,6,,331128
2023-08,6,,310630
2023-09,6,,324762
2023-10,6,,338759
2023-11,6,,421495
2023-12,6,,284524
2024-01,6,,261359
2024-02,6,,263245
2024-03,6,,302913
2024-04,6,,311401
2024-05,6,,341412
2024-06,6,,324774
2024-07,6,,345845
2024-08,6,,338049
2024-09,6,,341589
2024-10,6,,390432
2024-11,6,,2163160
2024-12,6,,3369522
2025-01,6,,762084
2025-02,6,,600490
2025-03,6,,759240
2025-04,6,,797195
2025-05,6,,579891
2025-06,6,,751113
2025-07,6,,535340
2025-08,6,,446605
2021-02,7,,126570
2021-03,7,,179065
2021-04,7,,172746
2021-05,7,,141840
2021-06,7,,125952
2021-07,7,,108719
2021-08,7,,118624
2021-09,7,,130993
2021-10,7,,106199
2021-11,7,,100617
2021-12,7,,105206
2022-01,7,,112828
2022-02,7,,92917
2022-03,7,,104972
2022-04,7,,93924
2022-05,7,,159298
2022-06,7,,156050
2022-07,7,,134538
2022-08,7,,119038
2022-09,7,,116710
2022-10,7,,120109
2022-11,7,,125662
2022-12,7,,94780
2023-01,7,,85710
2023-02,7,,88951
2023-03,7,,78478
2023-04,7,,45169
2023-05,7,,40980
2023-06,7,,38961
2023-07,7,,47597
2023-08,7,,42034
2023-09,7,,49771
2023-10,7,,48899
2023-11,7,,47890
2023-12,7,,39823
2024-01,7,,47884
2024-02,7,,45518
2024-03,7,,52554
2024-04,7,,48836
2024-05,7,,40823
2024-06,7,,30687
2024-07,7,,31316
2024-08,7,,30661
2024-09,7,,34371
2024-10,7,,43124
2024-11,7,,709805
2024-12,7,,1178791
2025-01,7,,146361
2025-02,7,,123522
2025-03,7,,168938
2025-04,7,,164828
2025-05,7,,83744
2025-06,7,,84743
2025-07,7,,87079
2025-08,7,,88766
2021-02,8,,2581995
2021-03,8,,2991906
2021-04,8,,2477744
2021-05,8,,2696335
2021-06,8,,2436970
2021-07,8,,2082338
2021-08,8,,2101885
2021-09,8,,1927378
2021-10,8,,1925837
2021-11,8,,1914861
2021-12,8,,1886686
2022-01,8,,1792922
2022-02,8,,1675016
2022-03,8,,1667401
2022-04,8,,1418228
2022-05,8,,1409963
2022-06,8,,1319939
2022-07,8,,1321510
2022-08,8,,1319321
2022-09,8,,1382553
2022-10,8,,1337460
2022-11,8,,1315776
2022-12,8,,1081115
2023-01,8,,1071410
2023-02,8,,957926
2023-03,8,,1110877
2023-04,8,,953407
2023-05,8,,992190
2023-06,8,,829753
2023-07,8,,763871
2023-08,8,,789960
2023-09,8,,729821
2023-10,8,,749352
2023-11,8,,689846
2023-12,8,,598928
2024-01,8,,676225
2024-02,8,,693047
2024-03,8,,759763
2024-04,8,,694360
2024-05,8,,736563
2024-06,8,,658646
2024-07,8,,684514
2024-08,8,,650720
2024-09,8,,658146
2024-10,8,,675549
2024-11,8,,2385444
2024-12,8,,3431251
2025-01,8,,1283083
2025-02,8,,1173858
2025-03,8,,1223456
2025-04,8,,1414283
2025-05,8,,1556626
2025-06,8,,2622816
2025-07,8,,1323107
2025-08,8,,912434
2021-02,9,,213644
2021-03,9,,232998
2021-04,9,,214453
2021-05,9,,255198
2021-06,9,,204818
2021-07,9,,207616
2021-08,9,,216023
2021-09,9,,194366
2021-10,9,,206815
2021-11,9,,252909
2021-12,9,,294598
2022-01,9,,248238
2022-02,9,,226036
2022-03,9,,165396
2022-04,9,,145079
2022-05,9,,142472
2022-06,9,,125460
2022-07,9,,170190
2022-08,9,,159786
2022-09,9,,144049
2022-10,9,,136718
2022-11,9,,148109
2022-12,9,,114086
2023-01,9,,127284
2023-02,9,,113811
2023-03,9,,124255
2023-04,9,,87919
2023-05,9,,93749
2023-06,9,,86038
2023-07,9,,268106
2023-08,9,,2030182
2023-09,9,,1443434
2023-10,9,,131844
2023-11,9,,91021
2023-12,9,,84540
2024-01,9,,94004
2024-02,9,,97691
2024-03,9,,130712
2024-04,9,,82748
2024-05,9,,82048
2024-06,9,,74624
2024-07,9,,79854
2024-08,9,,76242
2024-09,9,,81938
2024-10,9,,80806
2024-11,9,,780869
2024-12,9,,1283541
2025-01,9,,222030
2025-02,9,,211004
2025-03,9,,248718
2025-04,9,,261851
2025-05,9,,163104
2025-06,9,,143119
2025-07,9,,120074
2025-08,9,,123108
2021-02,10,,9944898
2021-03,10,,10401222
2021-04,10,,8761989
2021-05,10,,7975095
2021-06,10,,7234821
2021-07,10,,6486538
2021-08,10,,6471456
2021-09,10,,5904101
2021-10,10,,5536498
2021-11,10,,5875394
2021-12,10,,6257600
2022-01,10,,5929296
2022-02,10,,5832032
2022-03,10,,5952990
2022-04,10,,5098115
2022-05,10,,4855440
2022-06,10,,4533593
2022-07,10,,4209160
2022-08,10,,4233631
2022-09,10,,3897130
2022-10,10,,3603229
2022-11,10,,3664578
2022-12,10,,3132064
2023-01,10,,3123489
2023-02,10,,2813530
2023-03,10,,3067498
2023-04,10,,2709921
2023-05,10,,2822746
2023-06,10,,2601499
2023-07,10,,2482945
2023-08,10,,2505846
2023-09,10,,2277976
2023-10,10,,2354689
2023-11,10,,2240177
2023-12,10,,1806739
2024-01,10,,2042030
2024-02,10,,2030382
2024-03,10,,2135006
2024-04,10,,1962181
2024-05,10,,1929970
2024-06,10,,1721529
2024-07,10,,1787142
2024-08,10,,1645513
2024-09,10,,1581093
2024-10,10,,1847374
2024-11,10,,4376651
2024-12,10,,5552703
2025-01,10,,3428635
2025-02,10,,2780401
2025-03,10,,3662443
2025-04,10,,4939894
2025-05,10,,6355899
2025-06,10,,13133307
2025-07,10,,6088629
2025-08,10,,2695734
2021-02,11,,526111
2021-03,11,,576195
2021-04,11,,514479
2021-05,11,,597200
2021-06,11,,504687
2021-07,11,,419474
2021-08,11,,411865
2021-09,11,,394818
2021-10,11,,393464
2021-11,11,,421432
2021-12,11,,385828
2022-01,11,,360398
2022-02,11,,339648
2022-03,11,,333666
2022-04,11,,293864
2022-05,11,,284320
2022-06,11,,264283
2022-07,11,,271862
2022-08,11,,286003
2022-09,11,,260140
2022-10,11,,249740
2022-11,11,,261624
2022-12,11,,212328
2023-01,11,,216076
2023-02,11,,202152
2023-03,11,,217447
2023-04,11,,170933
2023-05,11,,173226
2023-06,11,,158891
2023-07,11,,155165
2023-08,11,,156079
2023-09,11,,154636
2023-10,11,,160768
2023-11,11,,151685
2023-12,11,,130561
2024-01,11,,153960
2024-02,11,,156581
2024-03,11,,185009
2024-04,11,,138542
2024-05,11,,124248
2024-06,11,,121777
2024-07,11,,116893
2024-08,11,,108886
2024-09,11,,110538
2024-10,11,,120520
2024-11,11,,696063
2024-12,11,,1089678
2025-01,11,,254944
2025-02,11,,220630
2025-03,11,,283407
2025-04,11,,301073
2025-05,11,,260120
2025-06,11,,400009
2025-07,11,,295071
2025-08,11,,212247
2021-02,12,,22028855
2021-03,12,,24489958
2021-04,12,,21347001
2021-05,12,,20821315
2021-06,12,,19621464
2021-07,12,,18268126
2021-08,12,,19750660
2021-09,12,,18728030
2021-10,12,,17897281
2021-11,12,,15554737
2021-12,12,,14163737
2022-01,12,,14513361
2022-02,12,,13869907
2022-03,12,,15041487
2022-04,12,,13010727
2022-05,12,,13225617
2022-06,12,,12523872
2022-07,12,,9943911
2022-08,12,,9994156
2022-09,12,,8884796
2022-10,12,,8619935
2022-11,12,,9451160
2022-12,12,,8855023
2023-01,12,,8045544
2023-02,12,,7838632
2023-03,12,,7509562
2023-04,12,,5169900
2023-05,12,,5102112
2023-06,12,,4560505
2023-07,12,,4294750
2023-08,12,,4253336
2023-09,12,,3748992
2023-10,12,,3734657
2023-11,12,,3610405
2023-12,12,,2991793
2024-01,12,,3148500
2024-02,12,,3087317
2024-03,12,,3142098
2024-04,12,,3298145
2024-05,12,,2852288
2024-06,12,,2475786
2024-07,12,,2551668
2024-08,12,,2348345
2024-09,12,,2238930
2024-10,12,,2381958
2024-11,12,,4971733
2024-12,12,,6197816
2025-01,12,,3813126
2025-02,12,,3235113
2025-03,12,,4942682
2025-04,12,,6609932
2025-05,12,,22709454
2025-06,12,,115601921
2025-07,12,,9895147
2025-08,12,,3812957
2021-02,13,,959961
2021-03,13,,1090362
2021-04,13,,937088
2021-05,13,,944140
2021-06,13,,863230
2021-07,13,,794640
2021-08,13,,790047
2021-09,13,,797258
2021-10,13,,783943
2021-11,13,,748461
2021-12,13,,645099
2022-01,13,,574491
2022-02,13,,527951
2022-03,13,,571655
2022-04,13,,534663
2022-05,13,,513911
2022-06,13,,459788
2022-07,13,,495991
2022-08,13,,541722
2022-09,13,,573672
2022-10,13,,551592
2022-11,13,,571983
2022-12,13,,454496
2023-01,13,,427151
2023-02,13,,417784
2023-03,13,,440317
2023-04,13,,336258
2023-05,13,,241343
2023-06,13,,212072
2023-07,13,,210904
2023-08,13,,214415
2023-09,13,,197920
2023-10,13,,183726
2023-11,13,,171961
2023-12,13,,151194
2024-01,13,,167005
2024-02,13,,164549
2024-03,13,,218781
2024-04,13,,220602
2024-05,13,,233504
2024-06,13,,212967
2024-07,13,,218594
2024-08,13,,190634
2024-09,13,,195468
2024-10,13,,252978
2024-11,13,,881865
2024-12,13,,1209190
2025-01,13,,299448
2025-02,13,,276062
2025-03,13,,351785
2025-04,13,,354453
2025-05,13,,419700
2025-06,13,,1072658
2025-07,13,,539185
2025-08,13,,340783
2021-02,14,,37600415
2021-03,14,,20475377
2021-04,14,,18435286
2021-05,14,,20379353
2021-06,14,,22684243
2021-07,14,,23984774
2021-08,14,,25997958
2021-09,14,,27778954
2021-10,14,,28280522
2021-11,14,,24278632
2021-12,14,,19719093
2022-01,14,,23295915
2022-02,14,,23126161
2022-03,14,,24965618
2022-04,14,,21946476
2022-05,14,,24870688
2022-06,14,,26175248
2022-07,14,,25461609
2022-08,14,,24956528
2022-09,14,,24311630
2022-10,14,,24734484
2022-11,14,,26822866
2022-12,14,,20721278
2023-01,14,,22152362
2023-02,14,,21211061
2023-03,14,,22680030
2023-04,14,,30259782
2023-05,14,,31551681
2023-06,14,,29603348
2023-07,14,,23494667
2023-08,14,,25882554
2023-09,14,,20265032
2023-10,14,,18998474
2023-11,14,,16064578
2023-12,14,,14798389
2024-01,14,,10378277
2024-02,14,,8996339
2024-03,14,,8918262
2024-04,14,,7540841
2024-05,14,,7135408
2024-06,14,,6144763
2024-07,14,,6711960
2024-08,14,,5865233
2024-09,14,,5350201
2024-10,14,,5339420
2024-11,14,,8984939
2024-12,14,,10322834
2025-01,14,,8714907
2025-02,14,,7681144
2025-03,14,,9874680
2025-04,14,,10798664
2025-05,14,,12587877
2025-06,14,,22751435
2025-07,14,,11836868
2025-08,14,,7741759
2021-02,15,,3751566
2021-03,15,,4703976
2021-04,15,,4189700
2021-05,15,,3762409
2021-06,15,,3493384
2021-07,15,,2994893
2021-08,15,,2830099
2021-09,15,,2482342
2021-10,15,,2275388
2021-11,15,,2189767
2021-12,15,,1788047
2022-01,15,,1672019
2022-02,15,,1499164
2022-03,15,,1534941
2022-04,15,,1359177
2022-05,15,,1342889
2022-06,15,,1334428
2022-07,15,,1256209
2022-08,15,,1321630
2022-09,15,,1416621
2022-10,15,,1378557
2022-11,15,,1298602
2022-12,15,,1072952
2023-01,15,,1066986
2023-02,15,,964083
2023-03,15,,1076502
2023-04,15,,1048115
2023-05,15,,1126257
2023-06,15,,845233
2023-07,15,,823502
2023-08,15,,874036
2023-09,15,,818822
2023-10,15,,756542
2023-11,15,,686186
2023-12,15,,509334
2024-01,15,,471629
2024-02,15,,441601
2024-03,15,,443428
2024-04,15,,434879
2024-05,15,,423707
2024-06,15,,389255
2024-07,15,,375852
2024-08,15,,352771
2024-09,15,,355806
2024-10,15,,315479
2024-11,15,,952237
2024-12,15,,1333090
2025-01,15,,511946
2025-02,15,,559793
2025-03,15,,650461
2025-04,15,,767488
2025-05,15,,1087612
2025-06,15,,2340350
2025-07,15,,898424
2025-08,15,,495283
2021-04,16,,790835
2021-05,16,,3095069
2021-06,16,,3784192
2021-07,16,,3933523
2021-08,16,,4970380
2021-09,16,,5984958
2021-10,16,,7115736
2021-11,16,,11822820
2021-12,16,,14671562
2022-01,16,,18037623
2022-02,16,,20115767
2022-03,16,,26868074
2022-04,16,,26331242
2022-05,16,,29964854
2022-06,16,,34152666
2022-07,16,,36402539
2022-08,16,,42754842
2022-09,16,,42598500
2022-10,16,,46680597
2022-11,16,,47226946
2022-12,16,,38380352
2023-01,16,,43269927
2023-02,16,,46156244
2023-03,16,,62287769
2023-04,16,,45309674
2023-05,16,,47531703
2023-06,16,,43572248
2023-07,16,,42295481
2023-08,16,,47196740
2023-09,16,,46208205
2023-10,16,,39214539
2023-11,16,,39505813
2023-12,16,,27178051
2024-01,16,,28815029
2024-02,16,,25022747
2024-03,16,,21897871
2024-04,16,,19949174
2024-05,16,,18771343
2024-06,16,,18863346
2024-07,16,,21043220
2024-08,16,,19888161
2024-09,16,,15119745
2024-10,16,,15615730
2024-11,16,,24021628
2024-12,16,,25111202
2025-01,16,,24161489
2025-02,16,,20291020
2025-03,16,,25034788
2025-04,16,,25523168
2025-05,16,,23144682
2025-06,16,,28775130
2025-07,16,,23874411
2025-08,16,,17696069
2021-10,17,,961929
2021-11,17,,2611280
2021-12,17,,2641785
2022-01,17,,3133953
2022-02,17,,3529383
2022-03,17,,4180795
2022-04,17,,2825200
2022-05,17,,1386989
2022-06,17,,1267509
2022-07,17,,1202623
2022-08,17,,1234761
2022-09,17,,1124817
2022-10,17,,1110568
2022-11,17,,1254611
2022-12,17,,1080309
2023-01,17,,1084383
2023-02,17,,1026877
2023-03,17,,1113318
2023-04,17,,915562
2023-05,17,,970177
2023-06,17,,844055
2023-07,17,,753681
2023-08,17,,728119
2023-09,17,,653741
2023-10,17,,629483
2023-11,17,,570907
2023-12,17,,465146
2024-01,17,,503032
2024-02,17,,493678
2024-03,17,,508454
2024-04,17,,472785
2024-05,17,,460908
2024-06,17,,449388
2024-07,17,,422377
2024-08,17,,401677
2024-09,17,,357433
2024-10,17,,350123
2024-11,17,,1065557
2024-12,17,,1465309
2025-01,17,,577464
2025-02,17,,524415
2025-03,17,,668077
2025-04,17,,842785
2025-05,17,,804233
2025-06,17,,1532269
2025-07,17,,807234
2025-08,17,,481111
2022-04,18,,873557
2022-05,18,,2542139
2022-06,18,,2931277
2022-07,18,,3341234
2022-08,18,,3769202
2022-09,18,,4758907
2022-10,18,,6032363
2022-11,18,,11444061
2022-12,18,,10164322
2023-01,18,,13111058
2023-02,18,,17721438
2023-03,18,,25144736
2023-04,18,,25137582
2023-05,18,,29819719
2023-06,18,,33996641
2023-07,18,,37891456
2023-08,18,,43550735
2023-09,18,,45591452
2023-10,18,,49155687
2023-11,18,,46448950
2023-12,18,,34546329
2024-01,18,,39870391
2024-02,18,,45043606
2024-03,18,,50826313
2024-04,18,,51828220
2024-05,18,,50213196
2024-06,18,,46485559
2024-07,18,,50058478
2024-08,18,,42393747
2024-09,18,,40870152
2024-10,18,,55335774
2024-11,18,,67202063
2024-12,18,,58718839
2025-01,18,,61221512
2025-02,18,,55165524
2025-03,18,,61918501
2025-04,18,,55817085
2025-05,18,,49757214
2025-06,18,,49947867
2025-07,18,,44692770
2025-08,18,,37687478
2022-10,19,,1278668
2022-11,19,,3850551
2022-12,19,,3839277
2023-01,19,,4225808
2023-02,19,,4802099
2023-03,19,,5395089
2023-04,19,,3901658
2023-05,19,,1983387
2023-06,19,,1564576
2023-07,19,,1362984
2023-08,19,,1293809
2023-09,19,,1143199
2023-10,19,,1126165
2023-11,19,,952342
2023-12,19,,812635
2024-01,19,,905636
2024-02,19,,792949
2024-03,19,,775900
2024-04,19,,771004
2024-05,19,,759785
2024-06,19,,718085
2024-07,19,,723147
2024-08,19,,656372
2024-09,19,,638195
2024-10,19,,660389
2024-11,19,,1398738
2024-12,19,,1784994
2025-01,19,,1041698
2025-02,19,,969145
2025-03,19,,3485361
2025-04,19,,2035270
2025-05,19,,1706316
2025-06,19,,1639543
2025-07,19,,1002235
2025-08,19,,745505
2023-04,20,,1062138
2023-05,20,,3726636
2023-06,20,,5051717
2023-07,20,,5726349
2023-08,20,,6024987
2023-09,20,,7589328
2023-10,20,,8845011
2023-11,20,,14418220
2023-12,20,,15115157
2024-01,20,,20777843
2024-02,20,,24843766
2024-03,20,,30596060
2024-04,20,,37145054
2024-05,20,,42596804
2024-06,20,,44086815
2024-07,20,,50823693
2024-08,20,,66857769
2024-09,20,,54522387
2024-10,20,,68059075
2024-11,20,,94169884
2024-12,20,,87297688
2025-01,20,,97127100
2025-02,20,,99149678
2025-03,20,,113109838
2025-04,20,,114436664
2025-05,20,,107501181
2025-06,20,,110259676
2025-07,20,,131496233
2025-08,20,,108142600
2023-10,21,,2023290
2023-11,21,,4219928
2023-12,21,,4728563
2024-01,21,,5584623
2024-02,21,,5509917
2024-03,21,,6541211
2024-04,21,,6433989
2024-05,21,,2633225
2024-06,21,,2220910
2024-07,21,,2322566
2024-08,21,,2244385
2024-09,21,,2265597
2024-10,21,,2488613
2024-11,21,,3869351
2024-12,21,,4113796
2025-01,21,,3597639
2025-02,21,,3875032
2025-03,21,,4683438
2025-04,21,,4717865
2025-05,21,,4891059
2025-06,21,,5410961
2025-07,21,,5343524
2025-08,21,,4495268
2024-04,22,,1014273
2024-05,22,,4752658
2024-06,22,,5163639
2024-07,22,,7521641
2024-08,22,,7624166
2024-09,22,,8602125
2024-10,22,,8133143
2024-11,22,,29659685
2024-12,22,,41902249
2025-01,22,,58647419
2025-02,22,,60580425
2025-03,22,,85921954
2025-04,22,,96944192
2025-05,22,,119879961
2025-06,22,,125522681
2025-07,22,,156815803
2025-08,22,,165196828
2024-10,23,,3577464
2024-11,23,,10854861
2024-12,23,,13342835
2025-01,23,,16601503
2025-02,23,,14868644
2025-03,23,,18488878
2025-04,23,,32457222
2025-05,23,,9818453
2025-06,23,,6027029
2025-07,23,,5800818
2025-08,23,,5388795
2025-05,24,,11573379
2025-06,24,,12707302
2025-07,24,,16866569
2025-08,24,,20716370
2021-02,,headers,27518585
2021-03,,headers,32104123
2021-04,,headers,28791304
2021-05,,headers,28985299
2021-06,,headers,30628599
2021-07,,headers,30097872
2021-08,,headers,32411149
2021-09,,headers,32981712
2021-10,,headers,32361816
2021-11,,headers,33580477
2021-12,,headers,31298969
2022-01,,headers,35624073
2022-02,,headers,36348127
2022-03,,headers,40870314
2022-04,,headers,36943258
2022-05,,headers,41291960
2022-06,,headers,43725773
2022-07,,headers,42920442
2022-08,,headers,45938399
2022-09,,headers,44132500
2022-10,,headers,45230700
2022-11,,headers,49475883
2022-12,,headers,41885630
2023-01,,headers,45971010
2023-02,,headers,46762195
2023-03,,headers,57738247
2023-04,,headers,53141988
2023-05,,headers,58930465
2023-06,,headers,60145064
2023-07,,headers,58170724
2023-08,,headers,64013406
2023-09,,headers,59422749
2023-10,,headers,62845405
2023-11,,headers,77215698
2023-12,,headers,53488906
2024-01,,headers,61606784
2024-02,,headers,65086944
2024-03,,headers,71765957
2024-04,,headers,75971575
2024-05,,headers,76873056
2024-06,,headers,74594154
2024-07,,headers,82262410
2024-08,,headers,78236578
2024-09,,headers,76826437
2024-10,,headers,87228162
2024-11,,headers,137570349
2024-12,,headers,136259671
2025-01,,headers,151411923
2025-02,,headers,152973958
2025-03,,headers,184049001
2025-04,,headers,184573748
2025-05,,headers,183393731
2025-06,,headers,196884280
2025-07,,headers,206756784
2025-08,,headers,191854028
2021-02,,linux,19864973
2021-03,,linux,23623384
2021-04,,linux,22016399
2021-05,,linux,24168659
2021-06,,linux,23234890
2021-07,,linux,21805492
2021-08,,linux,23761409
2021-09,,linux,24180912
2021-10,,linux,25494371
2021-11,,linux,24449505
2021-12,,linux,23347450
2022-01,,linux,25457076
2022-02,,linux,26140655
2022-03,,linux,30164862
2022-04,,linux,27798063
2022-05,,linux,29164211
2022-06,,linux,29974843
2022-07,,linux,29599384
2022-08,,linux,33630629
2022-09,,linux,34082028
2022-10,,linux,36113164
2022-11,,linux,42241885
2022-12,,linux,35299704
2023-01,,linux,38790777
2023-02,,linux,43001574
2023-03,,linux,51067335
2023-04,,linux,48348328
2023-05,,linux,52477619
2023-06,,linux,48829690
2023-07,,linux,46987962
2023-08,,linux,55411664
2023-09,,linux,55713340
2023-10,,linux,48424526
2023-11,,linux,37163889
2023-12,,linux,35979977
2024-01,,linux,36010617
2024-02,,linux,36580332
2024-03,,linux,38834010
2024-04,,linux,38207078
2024-05,,linux,38384252
2024-06,,linux,37463850
2024-07,,linux,41773314
2024-08,,linux,37693151
2024-09,,linux,37556432
2024-10,,linux,42695032
2024-11,,linux,74693047
2024-12,,linux,85030542
2025-01,,linux,82993095
2025-02,,linux,80742198
2025-03,,linux,102722738
2025-04,,linux,128272489
2025-05,,linux,139564571
2025-06,,linux,256169446
2025-07,,linux,134743729
2025-08,,linux,114230098
2021-02,,win,29314415
2021-03,,win,8540774
2021-04,,win,6185337
2021-05,,win,6494430
2021-06,,win,6641554
2021-07,,win,6902964
2021-08,,win,6904219
2021-09,,win,6714418
2021-10,,win,6957980
2021-11,,win,6737295
2021-12,,win,6840654
2022-01,,win,7555899
2022-02,,win,7276219
2022-03,,win,8723847
2022-04,,win,7734277
2022-05,,win,8290892
2022-06,,win,8312771
2022-07,,win,8976563
2022-08,,win,9478901
2022-09,,win,9752639
2022-10,,win,10875488
2022-11,,win,12385415
2022-12,,win,9941333
2023-01,,win,10861438
2023-02,,win,12150867
2023-03,,win,13574675
2023-04,,win,12044604
2023-05,,win,12495908
2023-06,,win,12495630
2023-07,,win,12939107
2023-08,,win,13602369
2023-09,,win,12994549
2023-10,,win,13206525
2023-11,,win,11925035
2023-12,,win,11407959
2024-01,,win,12766926
2024-02,,win,12342407
2024-03,,win,12765070
2024-04,,win,13843214
2024-05,,win,14508947
2024-06,,win,14448927
2024-07,,win,18043660
2024-08,,win,31571067
2024-09,,win,14947641
2024-10,,win,31900531
2024-11,,win,36781879
2024-12,,win,30158512
2025-01,,win,32496852
2025-02,,win,30470770
2025-03,,win,36890584
2025-04,,win,37765980
2025-05,,win,43371527
2025-06,,win,40912675
2025-07,,win,69399875
2025-08,,win,64888777
2021-02,,osx,1370923
2021-03,,osx,1579706
2021-04,,osx,1521433
2021-05,,osx,1482193
2021-06,,osx,1486555
2021-07,,osx,1479284
2021-08,,osx,1525736
2021-09,,osx,1449266
2021-10,,osx,1604325
2021-11,,osx,1744545
2021-12,,osx,1722038
2022-01,,osx,1929414
2022-02,,osx,1852950
2022-03,,osx,2110803
2022-04,,osx,1984971
2022-05,,osx,2021435
2022-06,,osx,2004371
2022-07,,osx,2795820
2022-08,,osx,2152239
2022-09,,osx,2099946
2022-10,,osx,3906171
2022-11,,osx,3426861
2022-12,,osx,2060109
2023-01,,osx,2405136
2023-02,,osx,2494382
2023-03,,osx,7996852
2023-04,,osx,3744103
2023-05,,osx,2389599
2023-06,,osx,2533765
2023-07,,osx,2276806
2023-08,,osx,2376493
2023-09,,osx,2448793
2023-10,,osx,2857280
2023-11,,osx,2905615
2023-12,,osx,2351230
2024-01,,osx,2530806
2024-02,,osx,2711858
2024-03,,osx,2843737
2024-04,,osx,2818257
2024-05,,osx,2828578
2024-06,,osx,2497550
2024-07,,osx,2902685
2024-08,,osx,3364507
2024-09,,osx,3220580
2024-10,,osx,2804198
2024-11,,osx,7446308
2024-12,,osx,9858846
2025-01,,osx,6007395
2025-02,,osx,5437020
2025-03,,osx,7005483
2025-04,,osx,6584351
2025-05,,osx,5764845
2025-06,,osx,5906950
2025-07,,osx,7006422
2025-08,,osx,5974580
2021-02,,src,1145162
2021-03,,src,997785
2021-04,,src,845158
2021-05,,src,1128604
2021-06,,src,518516
2021-07,,src,565912
2021-08,,src,512827
2021-09,,src,447223
2021-10,,src,504490
2021-11,,src,608788
2021-12,,src,939664
2022-01,,src,697652
2022-02,,src,630202
2022-03,,src,972643
2022-04,,src,802980
2022-05,,src,1415890
2022-06,,src,2582162
2022-07,,src,1234058
2022-08,,src,786225
2022-09,,src,762179
2022-10,,src,1102970
2022-11,,src,1224323
2022-12,,src,1138830
2023-01,,src,1138182
2023-02,,src,926064
2023-03,,src,891396
2023-04,,src,797463
2023-05,,src,827371
2023-06,,src,850079
2023-07,,src,1162108
2023-08,,src,1070019
2023-09,,src,1289287
2023-10,,src,1756655
2023-11,,src,1659754
2023-12,,src,1598806
2024-01,,src,1533168
2024-02,,src,1313005
2024-03,,src,1412926
2024-04,,src,1663439
2024-05,,src,1655784
2024-06,,src,1303503
2024-07,,src,1034250
2024-08,,src,1026755
2024-09,,src,916231
2024-10,,src,1185581
2024-11,,src,4200851
2024-12,,src,9980618
2025-01,,src,10168925
2025-02,,src,3192335
2025-03,,src,5497872
2025-04,,src,2670572
2025-05,,src,3240680
2025-06,,src,1472698
2025-07,,src,884406
2025-08,,src,869594
2021-02,,sunos,54830
2021-03,,sunos,41043
2021-04,,sunos,81736
2021-05,,sunos,44222
2021-06,,sunos,42371
2021-07,,sunos,34903
2021-08,,sunos,41165
2021-09,,sunos,39220
2021-10,,sunos,44954
2021-11,,sunos,57234
2021-12,,sunos,52784
2022-01,,sunos,59471
2022-02,,sunos,42166
2022-03,,sunos,52420
2022-04,,sunos,47619
2022-05,,sunos,77332
2022-06,,sunos,51189
2022-07,,sunos,96693
2022-08,,sunos,72953
2022-09,,sunos,72444
2022-10,,sunos,80382
2022-11,,sunos,63833
2022-12,,sunos,54550
2023-01,,sunos,60055
2023-02,,sunos,54169
2023-03,,sunos,42761
2023-04,,sunos,25237
2023-05,,sunos,25258
2023-06,,sunos,18002
2023-07,,sunos,48260
2023-08,,sunos,30871
2023-09,,sunos,55115
2023-10,,sunos,38365
2023-11,,sunos,37651
2023-12,,sunos,31972
2024-01,,sunos,37059
2024-02,,sunos,34611
2024-03,,sunos,27321
2024-04,,sunos,26938
2024-05,,sunos,32129
2024-06,,sunos,34176
2024-07,,sunos,30871
2024-08,,sunos,35366
2024-09,,sunos,35026
2024-10,,sunos,44208
2024-11,,sunos,1520460
2024-12,,sunos,2530721
2025-01,,sunos,247779
2025-02,,sunos,178898
2025-03,,sunos,230861
2025-04,,sunos,223624
2025-05,,sunos,63829
2025-06,,sunos,60252
2025-07,,sunos,67000
2025-08,,sunos,83190
2021-02,,aix,22174
2021-03,,aix,22387
2021-04,,aix,34788
2021-05,,aix,21807
2021-06,,aix,20167
2021-07,,aix,23529
2021-08,,aix,23172
2021-09,,aix,24179
2021-10,,aix,26992
2021-11,,aix,31113
2021-12,,aix,29684
2022-01,,aix,37194
2022-02,,aix,40444
2022-03,,aix,34878
2022-04,,aix,29196
2022-05,,aix,38825
2022-06,,aix,29245
2022-07,,aix,38279
2022-08,,aix,37429
2022-09,,aix,39577
2022-10,,aix,48998
2022-11,,aix,49536
2022-12,,aix,46852
2023-01,,aix,34576
2023-02,,aix,30941
2023-03,,aix,29208
2023-04,,aix,21596
2023-05,,aix,21083
2023-06,,aix,18006
2023-07,,aix,28453
2023-08,,aix,20988
2023-09,,aix,23744
2023-10,,aix,24685
2023-11,,aix,62246
2023-12,,aix,24452
2024-01,,aix,27030
2024-02,,aix,26633
2024-03,,aix,20820
2024-04,,aix,19784
2024-05,,aix,27797
2024-06,,aix,22733
2024-07,,aix,22363
2024-08,,aix,18481
2024-09,,aix,21784
2024-10,,aix,27363
2024-11,,aix,623038
2024-12,,aix,1019150
2025-01,,aix,59767
2025-02,,aix,45420
2025-03,,aix,55388
2025-04,,aix,48554
2025-05,,aix,37209
2025-06,,aix,37158
2025-07,,aix,43366
2025-08,,aix,49280
2021-02,,unknown,62
2021-03,,unknown,38
2021-04,,unknown,94
2021-05,,unknown,51
2021-06,,unknown,39
2021-07,,unknown,30
2021-08,,unknown,42
2021-09,,unknown,30
2021-10,,unknown,55
2021-11,,unknown,45
2021-12,,unknown,58
2022-01,,unknown,69
2022-02,,unknown,42
2022-03,,unknown,58
2022-04,,unknown,41
2022-05,,unknown,80
2022-06,,unknown,55
2022-07,,unknown,96
2022-08,,unknown,99
2022-09,,unknown,88
2022-10,,unknown,103
2022-11,,unknown,81
2022-12,,unknown,61
2023-01,,unknown,81
2023-02,,unknown,69
2023-03,,unknown,35
2023-04,,unknown,12
2023-05,,unknown,22
2023-06,,unknown,17
2023-07,,unknown,60
2023-08,,unknown,24
2023-09,,unknown,71
2023-10,,unknown,31
2023-11,,unknown,32
2023-12,,unknown,15
2024-01,,unknown,32
2024-02,,unknown,40
2024-03,,unknown,24
2024-04,,unknown,18
2024-05,,unknown,33
2024-06,,unknown,20
2024-07,,unknown,25
2024-08,,unknown,23
2024-09,,unknown,51
2024-10,,unknown,47
2024-11,,unknown,2246
2024-12,,unknown,3727
2025-01,,unknown,363
2025-02,,unknown,272
2025-03,,unknown,343
2025-04,,unknown,336
2025-05,,unknown,100
2025-06,,unknown,98
2025-07,,unknown,135
2025-08,,unknown,149